{"version": "source-infer-v1", "prototypes": {"codex": {"count": 2, "vector": [0.0, 0.0, 0.0, 0.0, 0.0, 0.0, 0.09148478138835318, 0.0, 0.13069254484050455, 0.16023097634378636, 0.0, 0.13722717208252977, 0.04574239069417659, 0.13069254484050455, 0.0, 0.0, 0.0, 0.0, 0.0, 0.11448858564960976, 0.0, 0.0, 0.0, 0.04574239069417659, 0.04574239069417659, 0.11448858564960976, 0.0, 0.0, 0.22897717129921952, 0.0, 0.11448858564960976, 0.04574239069417659, 0.0, 0.0, 0.0, 0.11448858564960976, 0.0, 0.0, 0.0, 0.04574239069417659, 0.0, 0.0, 0.0, 0.0, 0.04574239069417659, 0.09148478138835318, 0.0, 0.0, 0.04574239069417659, 0.0, 0.11448858564960976, 0.13722717208252977, 0.04574239069417659, 0.16023097634378636, 0.04574239069417659, 0.0, 0.04574239069417659, 0.0, 0.0, 0.04574239069417659, 0.0, 0.0, 0.0, 0.16023097634378636, 0.04574239069417659, 0.04574239069417659, 0.0, 0.17643493553468115, 0.0, 0.0, 0.0, 0.0, 0.04574239069417659, 0.0, 0.0, 0.04574239069417659, 0.09148478138835318, 0.0, 0.0, 0.04574239069417659, 0.0, 0.0, 0.16023097634378636, 0.0, 0.17643493553468115, 0.22897717129921952, 0.0, 0.13069254484050455, 0.0, 0.0, 0.13069254484050455, 0.04574239069417659, 0.20597336703796293, 0.04574239069417659, 0.16595351121320728, 0.002893182805696778]}}}